"212126","HM连续3年上黑榜优衣库被罚近百万联合评级将上海华信主体信用等级由BBB下调至B"
"104766","新华网北京月日电记者李延霞王文帅记者日从中国保监会获悉，辽宁浙江保监局近日分别查处了辖区内的琛德保险代理公司负责人何丰以及杭州民丰保险代理有限公司涉嫌非法集资和传销等违法行为"
"106130","根据苏州市公安局交通巡逻警察支队虎丘大队出具的道路交通事故证明，本案交通事故责任无法认定，故原告在本案交通事故中无需承担责任，被告舒建英应承担本案交通事故的全部赔偿责任，但首先应由被告中国人民财产保险股份有限公司苏州市吴中支公司在交强险赔偿限额范围内对原告进行赔偿，超过交强险赔偿限额部分，由被告舒建英承担"
"103985","实际上，白金酒只是冰山角，近日来，茅台集团子公司茅台技术开发公司控股的子公司天朝上品也因为价格虚高，涉嫌传销等问题被推到了舆论的风口浪尖"
"105207","据统计，卢家帮通过这种手法入手了20多家网贷平台，目前警方明确定性的有人人爱家投之家天天财富壹佰金融中科金服聚胜财富翡翠岛理财火钱理财坚果理财邦邦理财等十多家，均因涉嫌非法吸收公众存款或集资诈骗立案，涉案金额超过600亿"
"206797","日融券卖出首超千万股金融股普遭看空凯马汽车软件造假造成超排曾因排放问题构成欺诈和科达董事梁海华窗口期减持或涉嫌违规交易"
"210668","远东股份财务总监汤礼华辞职两名中国人涉嫌通过58同城股票内幕交易获利200万美元"
"104479","打着网贷的幌子骗钱对外包装成P2P网贷平台,骗来的钱自融自用大肆挥霍,拆东墙补西墙导致资金链断裂,最后跑路2018年6月,位于佛山市禅城区的安稳投资管理咨询有限公司突然人去楼空,该公司的理财咖平台无法提现"
"102091","但记者注意到，民信贷掌悦理财等获得该协会企业信用评价级信用企业证书的平台已被警方定性为涉嫌非法吸收公众存款，立案侦查"
"102823","附上海市公安局各分局通报情况：1浦东12起近期，上海市公安局浦东分局对11起涉嫌非法吸收公众存款1起涉赚集资诈骗罪的案件立案侦查，案件情况通报如下：2018年6月27日，上海盐商集团有限公司实际控人吴某至公安机关投案，称公司通过设立线下门店及线上壹理财旺财猫等理财平台，在全国范围内向社会不特定公众非法吸收公众存款，已产生巨大资金缺口导致无法兑付投资人本息，上海市公安局浦东分局迅速立案侦查"
"105563","经初步调查，杭州富谦网络科技有限公司票票喵平台涉嫌集资诈骗有以下几方面证据：票票喵平台不同于般的P2P平台，它是以银行承兑汇票为融资标的完全金融性平台，每笔投资都是以专的银行承兑汇票为融资标的，融资到期后才承兑支付"
"102897","此前在6月22日，中晋非法集资案也已在快鹿中晋上榜1e租宝e租宝是迄今为止规模最大的非法集资案"
"104231","看似信息披露较为完善有担保保障，实际上存在很大的漏洞：是虚构标的，经向中国美术家协会求证，根本没有当代青年艺术家扶助计划二是单借款人，周盈宝系列产品均为同借款人，不管是否满标，持续募集三是借款人为P2P平台88财富借款人黄檀集雅担保公司中科创融资担保公司为同控制人，变相自融自保"
"103813","2015年12月，成都市公安局金牛分局针对成都同瑞资产管理有限公司以下简称成都同瑞西大金融非法吸收公众存款案立案侦查"
"106104","南宁市还披露了组数据，2018年以来，南宁市共查处网约车违法违规案件617起，其中滴滴607辆，高德1辆，首汽4辆，神州2辆，其他公司3辆"
"104351","今年7月份，网贷之家的兄弟公司投之家平台因涉嫌集资诈骗被警方立案，随后，牵出网贷行业最大的起连环诈骗，涉及人人爱家投之家天天财富壹佰金融中科金服聚胜财富翡翠岛理财火钱理财坚果理财邦邦理财等十多家平台，粗略统计各平台投资总额至少超过640亿元"
"105698","今年7月份，网贷之家的兄弟公司投之家平台因涉嫌集资诈骗被警方立案，随后，牵出网贷行业最大的起连环诈骗，涉及人人爱家投之家天天财富壹佰金融中科金服聚胜财富翡翠岛理财火钱理财坚果理财邦邦理财等十多家平台，粗略统计各平台投资总额至少超过640亿元"
"106052","明家联合：司法维权进行中明家联合2017年半年报显示，公司全资子公司金源互动及全资孙公司金源广告因广告合同纠纷向有关人民法院提起了诉讼，诉乐视体育乐视控股乐视电子商务乐视网向金源互动和金源广告支付广告款共计629089万元及违约金"
"105025","此外，在非法集资企业方面，包括四川煜邦投资理财信息咨询有限公司四川煜邦投资理财信息咨询有限公司上海分公司深圳中资信业互联网金融服务有限公司上海世虹投资管理有限公司与潍坊惠利银通信息科技有限公司39家企业被列为失信机构，被法院判处为非法吸收公众存款罪"
"101854","据统计，目前已有投之家贸金所钱富宝以及广州的礼德财富至少4家被定性为涉嫌集资诈骗"
"104000","来源丨网贷之家作者丨果粒可乐妹9月28日，继早前开通61家非法集资案投资人信息登记平台后，公安部非法集资案件投资人信息登记平台又新增了49家非法集资案件平台，包括爱钱帮金联储礼德财富新联在线雅堂金融宜聚网中融投等众多未兑付规模相对较大的平台"
"105213","据统计，卢家帮通过这种手法入手了20多家网贷平台，目前警方明确定性的有人人爱家投之家天天财富壹佰金融中科金服聚胜财富翡翠岛理财火钱理财坚果理财邦邦理财等十多家，均因涉嫌非法吸收公众存款或集资诈骗立案，涉案金额超过600亿"
"104877","兰州中院审理查明，被告人张来臣张广晶陈文杰班朋飞以非法占有为目的，在无经济实力和无任何经营项目的情况下，未经有关部门批准，于2012年8月15日在兰州市发起成立鑫融通公司，开始从事非法集资业务，并用前期非法集资所得资金于2012年12月开始，先后成立金盛昌公司万昌公司国泰公司中润公司弘泰公司华信公司等6家公司，并成立未经注册登记的弘泰集团管理这7家公司"
"103993","来源丨网贷之家作者丨果粒可乐妹9月28日，继早前开通61家非法集资案投资人信息登记平台后，公安部非法集资案件投资人信息登记平台又新增了49家非法集资案件平台，包括爱钱帮金联储礼德财富新联在线雅堂金融宜聚网中融投等众多未兑付规模相对较大的平台"
"102806","被公安部点名的P2P平台，啥来头公安部官网显示，被集中押解回国，其中包括涉嫌非法吸收公众存款的佰亿猫案主要犯罪嫌疑人王某军，涉嫌集资诈骗的牛牛通宝案主要犯罪嫌疑人詹某朋另外，除本次押解回国的之外，还包括：涉嫌非法吸收公众存款的永利宝案犯罪嫌疑人吴某等，涉嫌集资诈骗的礼德财富案犯罪嫌疑人郑某森等，涉嫌非法吸收公众存款的联璧金融案犯罪嫌疑人侬某，涉嫌非法吸收公众存款的钱妈妈理财PP案犯罪嫌疑人刘某翰，涉嫌非法吸收公众存款的掌悦平台案犯罪嫌疑人王某等"
"105706","良性清盘变非吸金银猫法定代表人向公安自首警方已立案侦查曾在同天发布清盘公告摘要：7月26日，上海市公安局浦东分局官方微信号警民直通车浦东发布通报称，上海金银猫金融服务有限公司简称金银猫法人郑某已于7月18日向上海警方自首，称公司在全国范围内向近日，上海警方发布通报，称2018年7月18日上海金银猫金融服务有限公司旗下运营金银猫平台法定代表人郑某向公安机关自首，称公司在全国范围内向社会不特定公众非法吸收公众存款，已产生巨大资金缺口致使无法兑付投资人本息"
"103438","山东省高唐县人民法院认为，二被告单位伙同被告人樊正安违反国家金融管理法律规定，未经有关部门依法批准吸收资金，通过散发宣传彩页到赛雅等公司参观考察等途径向社会不特定对象公开宣传，并承诺在定期限内还本付息，其行为均构成非法吸收公众存款罪被告人于西明苏银霞作为源大公司直接负责的主管人员，被告人于家乐作为源大公司直接责任人员，被告人张振永作为赛雅公司直接负责的主管人员，被告人程笑作为赛雅公司的直接责任人员，其行为均构成非法吸收公众存款罪"
"104753","如此前公布的企业中，善林财富旗下的高通盛融中晋集团旗下的中晋股权投资基金上海快鹿投资旗下的火柴快鹿股权投资基金等公司，都是因为关联公司P2P业务被曝光涉嫌非法集资，随后进入失联状态"
"105648","四川省珙县人民法院审理四川省珙县人民检察院指控原审被告单位宜宾巨浪电力开发有限公司宜宾华柱工程建设有限公司以及原审被告人周天柱犯非法吸收公众存款罪案，于二〇七年十二月二十七日作出2014宜珙刑初字第39号刑事判决"
"101927","最新口碑点评差评点评tanghemi点评宜贷网宜贷网关系错综复杂，自融假标瞒天过海，将烂标甩给宜小详情01点评差评点评十分伫立的念寒点评宜贷网宜贷骗子公司，骗子公司，骗子公司，专坑老百姓详情00点评差评点评转让成功点评宜贷网我是上海易贷网旗下易小钱和宝宝钱包平台的受害人"
"106113","案件持续发酵：上海经侦已立案唐小僧官网显示，该平台成立于2014年10月31日，实际控制人为资邦金服网络科技集团有限公司，由资邦金服全资子公司资邦元达上海互联网金融信息服务有限公司负责运营"
"106039","押金之殇去年秋天起，共享单车就面临着倒闭潮，先后倒闭的有卡拉单车悟空单车3Vbike等等公司"
"103129","据统计，卢家帮通过这种手法入手了20多家网贷平台，目前警方明确定性的有人人爱家投之家天天财富壹佰金融中科金服聚胜财富翡翠岛理财火钱理财坚果理财邦邦理财等十多家，均因涉嫌非法吸收公众存款或集资诈骗立案，涉案金额超过600亿"
"105521","山东省高唐县人民法院认为，二被告单位伙同被告人樊正安违反国家金融管理法律规定，未经有关部门依法批准吸收资金，通过散发宣传彩页到赛雅等公司参观考察等途径向社会不特定对象公开宣传，并承诺在定期限内还本付息，其行为均构成非法吸收公众存款罪被告人于西明苏银霞作为源大公司直接负责的主管人员，被告人于家乐作为源大公司直接责任人员，被告人张振永作为赛雅公司直接负责的主管人员，被告人程笑作为赛雅公司的直接责任人员，其行为均构成非法吸收公众存款罪"
"103229","原标题：移送审查追回资金警方通报涉集资诈骗7平台办案进展新京报快讯杭州市公安局西湖区分局微信公号今日发布聚富蛙钱内助乾庄小算盘财银狐抓钱猫最近办案情况公告显示，警方通过冻结追回资金查封财产等措施加大追赃挽回力度，同时对相关平台犯罪嫌疑人采取刑事强制措施移送检察院审查起诉"
"103127","据统计，卢家帮通过这种手法入手了20多家网贷平台，目前警方明确定性的有人人爱家投之家天天财富壹佰金融中科金服聚胜财富翡翠岛理财火钱理财坚果理财邦邦理财等十多家，均因涉嫌非法吸收公众存款或集资诈骗立案，涉案金额超过600亿"
"103495","此前，野马财经曾在5月8日10日发布汉鼎宇佑旗下互金平台增资4亿后，却亏损700万炒作还是布局，汉鼎宇佑是下个匹凸匹吗两篇文章，在文章中指出：汉鼎宇佑对鼎有财的4亿增资见效甚微鼎有财财务数据与行业平均水平相差巨大鼎有财或存在自融嫌疑等诸多问题"
"102303","新华社石家庄1月16日电记者杨帆近日有媒体曝光了河北华林酸碱平生物技术有限公司以下简称华林公司涉嫌虚假宣传和传销行为，引起舆论广泛关注"
"203677","奥奇食品财务总监杨俊辞职群兴玩具承认质检不合格律师涉嫌虚假陈述"
"104942","经审理查明：深圳市善心汇文化传播有限公司以下简称善心汇公司，于2013年5月24日成立，以扶贫济困均富共生的名义，依托善心汇网站善心汇众扶互生大系统会员管理平台，以高额静态收益和动态收益为诱饵，不断发展会员，以拉人进善心汇微信群，通过建立名为善心汇家人群的微信群，达到迅速扩大宣传善心汇及发展下线人员的目的，同时还采用口头相传等方式发展会员，并且从善心汇公司按7折买进善心币善种子，原价卖给下线会员，进行组织领导传销活动"
"207161","日本信用评级公司JCR将俄罗斯评级调降至BBB并列入负面观察名单阿忒加股东减持41万股"
"102816","判决书显示，这两起非法吸收公众存款案分别与当天资产帝纯资产两家公司有关，作案期间共吸收社会公众存款人民币188亿余元，这两份判决书披露的公开判罚的员工共4人，刑期分别在2年到3年之间"
"106067","主要事实和理由：1虽然涉案专利的权利人已于2017年1月4日变更，但是变更前，优必克公司仁诚公司的侵权行为已经成立，就应当判令停止侵权行为"
"203550","全新好汉富控股成第大股东实控人变更为韩学渊易道智慧财务负责人蔡清明辞职食药监局博士伦等2家企业软性角膜产品不合规"
"104009","两年非法吸收公众存款2500余万法院经审理查明：被告单位源大公司赛雅公司，被告人于西明于家乐苏银霞张振永程笑樊正安于2014年9月至2016年6月期间，通过源大公司在济南收购的山东正典投资有限责任公司以下简称正典公司非法吸收公众存款人民币250885万元"
"104165","当地对此回复称，河南九势制药股份有限公司法定代表人时XX因向不特定群众吸收资金，已于2016年11月25日被辉县市公安机关立案侦查，2017年8月30日被辉县市公安局抓捕归案，河南九势生物制药有限公司也因涉嫌非法吸收公众存款被立案侦查"
"103187","值得注意的是，该平台提示显示，投资人如在联璧金融资邦唐小僧国金宝盐商壹理财旺财猫金银猫火理财永利宝夸客米袋新大仓鸿翔银票网金坳财富翡翠岛小诸葛金服华融道抢钱通掌悦理财普资金服聚财猫等18个理财平台投资的，可直接至公安部非法集资案件投资人信息登记平台网址："
"105751","{info{setname17名外逃经济犯罪嫌疑人被集中回国,imgsum6,lmodify20181026202545,prevue10月26日，架从泰国曼谷起飞的中国民航包机抵达广州白云机场，17名外逃经济犯罪嫌疑人被集中回国，其中包括涉嫌吸收存款的佰亿猫案主要犯罪嫌疑人王某军，涉嫌集资诈骗的牛牛通宝案主要犯罪嫌疑人詹某朋等网贷平台集资犯罪嫌疑人"
"101888","上海市黄浦区人民检察院指控，2007年起，上海家帝豪电子商务有限公司原名上海家帝电子商务有限公司，以下简称：家帝豪公司，另案处理通过旗下我爱我买电子商务购物平台，以推销网站销售商品为名，要求参加者购买人民币以下币种均为人民币5，000元或者1万元的商品套餐获得加盟资格，并按照推荐发展加盟的先后顺序组成上下线关系，直接或者间接以发展人员的数量作为返利依据，不断发展他人参与传销活动"
"204629","短标中央汇金公司近期汇金公司出售了部分增持股份和ETF其中触发信息披露义务的已根据监管要求进行了披露欧莱雅中国总裁盖保罗因病去世奥马电器诉讼缠身预亏15亿创始人精准减持涉泄密"
"102537","对快鹿集团东虹桥小贷公司东虹桥担保公司分别以集资诈骗罪判处罚金人民币15亿元2亿元2亿元;对黄家骝韦炎平以集资诈骗罪判处无期徒刑，并处罚金;对徐琪以集资诈骗罪非法吸收公众存款罪两罪并罚判处有期徒刑13年，并处罚金;对周萌萌等其余12名被告人以集资诈骗罪分别判处有期徒刑15年至9年不等的刑罚，并处罚金"
"102777","海底捞回应不雅视频权健18名实控人被刑拘文军营销快报2019年1月1日，天津市公安机关对权健自然医学科技发展有限公司涉嫌组织领导传销活动罪和虚假广告罪立案侦查"
"103925","涉嫌非法吸收公众存款财富联盟投资理财P2P平台，中秋后即将上线，敬请期待9月3日，机构实名认证的四川财富联盟在其新浪微博上称"
"102928","KVB昆仑国际，福袋，CMCMarkets，到现在的普里默斯平台愧损挽回V979367876归根到底就是种非法集资，但是它们在表现形式上却各有不同，而且骗子们手段也是不断升级，让广大的投资者都是防不胜防"
"105165","山东高法案件速递山东省高唐县人民法院公开宣判被告单位山东源大工贸有限公司山东赛雅服饰有限公司，被告人于西明等6名被告人非法吸收公众存款案"
"104190","溪山粉彩富贵春的行骗者你们还好吗安徽文化艺术品交易中心上当受骗者维权者加群举报青岛西海岸新区新都电子公司工会主席树忠祥用钱摆平条人命倒霉我家的海尔家电又出问题了南阳卷烟厂李华退休待遇问题黑幕重重，同时冒出三个李华血泪控诉湖南衡东机油泵公司董事长许仲秋违法立功可连续三任全国人大代表中商系布局P2P的真实目的，从金盈所的自融说开去零钱罐之前找的央企爹失信，又爆料几次发假标，超高活期，还是高返平台郑州棉花交易市场有限公司茶叶票，普洱茶电子盘诈骗事实，希望大家转帖易乾宁集资案追踪：分公司3名总监非吸金额就超3亿元湖北永恒太阳能公司以高收益诱惑投资者涉嫌非法集资当地政金贝猫发连号公司假标自融涉旌逸集团庞氏骗局娄底骨伤科医院是家是缺德医院害人医院河北移联网信集团涉嫌非息和非法集资希望大家能联合起来起去维权广州诺正华熙首信等多家公司涉嫌原油诈骗河北省邯郸市馆陶县人民医院患者被诊断心脏病患者举报医院伪造病历致患者保单被山西省肿瘤医院院长徐均利用职务之便暗箱操作项目招标卡比乐益智玩具童车加盟骗局广州卡比乐玩具公司诈骗圈套南昌市生殖医院莆田系骗子医院黑医院，坑人的骗子凯乐科技旗下抱财网疑疯狂发假标自融大批空壳公司集结于海淀办花木金融问题重重被网友深扒爆料，投资需谨慎石家庄白求恩医院真不是东西，坑人骗人分秒金融被曝料配景作假疑似自融!咸宁现代医院男科莆田人开的黑医院揭开礼德财富的面具：借款公司成立月营收400万多连号公司组团君融贷涉嫌违规担保，，背后竟涉及两家上市公司和著名VC"
"104273","2018年7月5日，上海市公安局杨浦分局根据群众报案，对萨飞投资管理上海有限公司萨飞资本理财平台涉嫌非法吸收公众存款罪立案侦查"
"104593","此前，9月16日，安徽公安在登记平台就大志集团涉嫌非法集资犯罪案件，新增智佳金服和安捷财富2家平台登记入口"
"104194","溪山粉彩富贵春的行骗者你们还好吗安徽文化艺术品交易中心上当受骗者维权者加群举报青岛西海岸新区新都电子公司工会主席树忠祥用钱摆平条人命倒霉我家的海尔家电又出问题了南阳卷烟厂李华退休待遇问题黑幕重重，同时冒出三个李华血泪控诉湖南衡东机油泵公司董事长许仲秋违法立功可连续三任全国人大代表中商系布局P2P的真实目的，从金盈所的自融说开去零钱罐之前找的央企爹失信，又爆料几次发假标，超高活期，还是高返平台郑州棉花交易市场有限公司茶叶票，普洱茶电子盘诈骗事实，希望大家转帖易乾宁集资案追踪：分公司3名总监非吸金额就超3亿元湖北永恒太阳能公司以高收益诱惑投资者涉嫌非法集资当地政金贝猫发连号公司假标自融涉旌逸集团庞氏骗局娄底骨伤科医院是家是缺德医院害人医院河北移联网信集团涉嫌非息和非法集资希望大家能联合起来起去维权广州诺正华熙首信等多家公司涉嫌原油诈骗河北省邯郸市馆陶县人民医院患者被诊断心脏病患者举报医院伪造病历致患者保单被山西省肿瘤医院院长徐均利用职务之便暗箱操作项目招标卡比乐益智玩具童车加盟骗局广州卡比乐玩具公司诈骗圈套南昌市生殖医院莆田系骗子医院黑医院，坑人的骗子凯乐科技旗下抱财网疑疯狂发假标自融大批空壳公司集结于海淀办花木金融问题重重被网友深扒爆料，投资需谨慎石家庄白求恩医院真不是东西，坑人骗人分秒金融被曝料配景作假疑似自融!咸宁现代医院男科莆田人开的黑医院揭开礼德财富的面具：借款公司成立月营收400万多连号公司组团君融贷涉嫌违规担保，，背后竟涉及两家上市公司和著名VC"
"102011","刘春明组织召开的多次会以上横挂着江西海鑫集团医药贸易公司江西药圣堂的条幅，播放海鑫集团公司的mv宣传片,邀请知名人士讲课会议有拍摄的试听资料，该经营模式完全是采用传销的手段，以金字塔的盈利扩展规模回报也是以金字塔的方式回馈会员，所收会员款项全部打入名叫孙星等个人账户上，在这些个人账号上前后非法集资数百万元"
"102796","2015年7月24日，大连发布涉嫌非法集资广告的通告，36家P2P平台被通报，包括投资管理北京有限公司宜信卓越财富投资管理北京有限公司的两家大连分公司，还有中融民信资本管理有限公司恒昌财富大连融信联创投资有限公司放心北京有限公司等"
"105623","整治食品保健品欺诈和虚假宣传，市场监管总局公示8000余起行政处罚案唐小僧爆雷场直击：高管主动找到经侦部门投资人称买房钱打水漂科普复盘范冰冰代言三三宝利来的生与死警惕申牌企业浪莎营销模式涉嫌传销消费者投诉无门是谁拨错了黑蒜盘，引得康美来愤怒发声北京网贷行业协会会员大同行：涉嫌自融自我担保和虚假宣传盛世颂歌涉无直销牌照经营让多少人家破人亡揭秘他节食我控水减肥微商第"
"103427","两年非法吸收公众存款2500余万法院经审理查明：被告单位源大公司赛雅公司，被告人于西明于家乐苏银霞张振永程笑樊正安于2014年9月至2016年6月期间，通过源大公司在济南收购的山东正典投资有限责任公司以下简称正典公司非法吸收公众存款人民币250885万元"
"105595","案件播报吸收投资298亿安徽宣城宣木瓜特大集资诈骗案宣判"
"104589","据统计，卢家帮通过这种手法入手了20多家网贷平台，目前警方明确定性的有人人爱家投之家天天财富壹佰金融中科金服聚胜财富翡翠岛理财火钱理财坚果理财邦邦理财等十多家，均因涉嫌非法吸收公众存款或集资诈骗立案，涉案金额超过600亿"
"104108","卢家帮用此种手法染指了20多家网贷平台，目前警方明确定性的有人人爱家投之家天天财富壹佰金融中科金服聚胜财富翡翠岛理财火钱理财坚果理财邦邦理财等十多家，均因涉嫌非法吸收公众存款或集资诈骗立案，涉案金额超过600亿元"
"105013","据统计，卢家帮通过这种手法入手了20多家网贷平台，目前警方明确定性的有人人爱家投之家天天财富壹佰金融中科金服聚胜财富翡翠岛理财火钱理财坚果理财邦邦理财等十多家，均因涉嫌非法吸收公众存款或集资诈骗立案，涉案金额超过600亿"
"102991","2015年12月，助业公司资金链断裂，无法支付投资群众的本金和利息，导致多名群众受到经济损失2015年8月20日，有群众向三亚市公安局经侦支队报案称，三亚助业投资管理有限公司涉嫌非法吸收公众存款"
"102022",";;;;;12月11日，杭州市公安局江干分局官方微博平安江干对外发布案情通报，称于12月10日对多点金服东朗理财企商贷三家P2P平台涉嫌非法吸收公众存款案立案侦查，并对上述平台实际经营人林某某等人采取刑事强制措施"
"104528","2邦家集资诈骗非法吸收公众存款案基本案情被告人蒋洪伟于2002年12月起在广州市先后注册成立绿色世纪公司广东邦家公司兆晋公司邦家健康超市公司，并相继在全国16个省直辖市设立了64家分公司及24家子公司"
"102359","善林金融53人移交检察院起诉上海市公安局浦东分局官方微信警民直通车浦东的消息，今年4月立案调查的善林上海金融信息服务有限公司善林金融法定代表人周某某，执行总裁田某某等12人以涉嫌集资诈骗罪移送浦东新区人民检察院审查起诉，另有41名犯罪嫌疑人以涉嫌非法吸收公众存款罪移送浦东新区人民检察院审查起诉"
"102240","山东省高唐县人民法院认为，二被告单位伙同被告人樊正安违反国家金融管理法律规定，未经有关部门依法批准吸收资金，通过散发宣传彩页到赛雅等公司参观考察等途径向社会不特定对象公开宣传，并承诺在定期限内还本付息，其行为均构成非法吸收公众存款罪被告人于西明苏银霞作为源大公司直接负责的主管人员，被告人于家乐作为源大公司直接责任人员，被告人张振永作为赛雅公司直接负责的主管人员，被告人程笑作为赛雅公司的直接责任人员，其行为均构成非法吸收公众存款罪"
"105271","前述所有平台都是民营系平台资金链断裂后发布的公告往往以类似于受到平台所在地同行业机构跑路影响，加上借款人逾期，所以限制提现开头，永远不是自身出问题见下图般涉嫌自融，比如飞速贷好借好贷般有第三方担保，但P2P平台出事后担保公司并不会兜底，比如飞速贷与武汉天诚担保合作，但双方合作的时候天诚担保的老板谢义明已经负债累累，而天诚担保老板在公司破产后躲进了派出所般有第三方支付资金托管，如好借好贷通过汇潮天下进行资金托管不专注于某种业务，业务条线跨越车辆质押房产抵押和信用贷等种类绝大多数都只有轮融资，参与的风投无是上市公司或者国际知名风投机构风险投资的价值本应该是助力缺钱的创业者，但在有增信需求的P2P领域却成了大小平台必抱的大腿"
"105185","上海市第中级人民法院于16日依法公开宣判被告单位上海快鹿投资集团有限公司上海长宁东虹桥小额贷款股份有限公司上海东虹桥融资担保股份有限公司以及被告人黄家骝韦炎平周萌萌徐琪美国籍等15人集资诈骗非法吸收公众存款系列案件"
"102257","该局于2015年1月15日向本院发来公函，称经侦查发现犯罪嫌疑人徐国进在经营杭州路通印刷电路科技有限公司过程中，自2007年开始因从事非法集资而背负巨额债务无力偿还的情况下，仍隐瞒无力归还的真相，骗取程学罗黄海英杨志华徐立军及担保人詹有根的信任，于2013年2月25日至26日期间，分别以杭州路通印刷电路科技有限公司程学罗黄海英杨志华徐立军的名义向临安市中达小额贷款股份有限公司申请小额贷款，以担保人詹有根担保的方式，骗取临安市中达小额贷款股份有限公司钱款共计500万元，所得钱款被犯罪嫌疑人徐国进用于归还杭州路通印刷电路科技有限公司向临安市中达小额贷款股份有限公司之前的借款"
"102068","除本次押解回国的之外，还包括：涉嫌非法吸收公众存款的永利宝案犯罪嫌疑人吴某等，联璧金融案侬某，钱妈妈理财PP案刘某翰，掌悦平台案王某等，涉嫌集资诈骗的礼德财富案犯罪嫌疑人郑某森等"
"104927","金融虎讯9月28日消息，今日，公安部非法集资案件投资人信息登记平台又新增了爱钱帮艾利财富宜聚网等49家爆雷P2P平台的登记入口"
"105368","而邻家的最大投资方为某P2P公司，4月24日，上海市公安局官方微博发布消息，涉嫌非法吸收公众存款的善林金融法定代表人周伯云等8人被批捕"
"101859","8月2日凌晨，极路由创始人王楚云发公开信称，受合作伙伴i财富因非法吸收公众存款罪被立案影响，公司正常经营活动受到极大影响"
"102097","虽然不知道晋商贷案件的具体内容，但是从创始人自首的情节来看，晋商贷创始人郝晓海和钱宝网创始人张小雷有相似点，从张小雷自己对的交代来看，虽然钱宝网被网络曝出面临风险，张小雷和钱宝网在社交媒体辟谣，但是早在钱宝网陷入危机的前三年张小雷就做好了自首的准备，张小雷等人依托钱宝网，对外宣传交押金看广告做任务赚外快，以高额收益为诱饵，向社会公众大量非法吸收资金，涉嫌非法集资犯罪"
"104956","原标题：昆明泛亚集资案查明19名主要嫌疑人被捕组图最新进展单九良等19名主要嫌疑人被捕昆明市政府22日发布，昆明市公安机关自依法对昆明泛亚有色金属交易所股份有限公司简称昆明泛亚有色及其交易关联公司授权服务机构涉嫌犯罪立案侦查以来，经大量调查取证，基本查明涉嫌非法集资的犯罪事实"
"101705","被公安部点名的P2P平台，啥来头公安部官网显示，被集中押解回国，其中包括涉嫌非法吸收公众存款的佰亿猫案主要犯罪嫌疑人王某军，涉嫌集资诈骗的牛牛通宝案主要犯罪嫌疑人詹某朋另外，除本次押解回国的之外，还包括：涉嫌非法吸收公众存款的永利宝案犯罪嫌疑人吴某等，涉嫌集资诈骗的礼德财富案犯罪嫌疑人郑某森等，涉嫌非法吸收公众存款的联璧金融案犯罪嫌疑人侬某，涉嫌非法吸收公众存款的钱妈妈理财PP案犯罪嫌疑人刘某翰，涉嫌非法吸收公众存款的掌悦平台案犯罪嫌疑人王某等"
"102045","分别是▼长春长生疫苗事件受到最严厉处罚权健然健涉嫌传销夸大宣传，保健品行业顽疾整治难ofo小黄车退押金难，共享单车经营不善消费者买单滴滴顺风车司机杀人案挑战安全底线块脏抹布揭开五星级酒店卫生乱象农村里的山寨货大数据杀熟多领域多平台泛滥网络订机票收取高额退票费预付式消费现套路贷个人信息被兜售，互联网用户在裸奔本次评选所涉及的事件和案例，是从普通消费者的角度，在最高人民检察院公安部侦办起诉大量的消费侵权案件和中国消费者协会中华全国律师协会受理的数十万件投诉案件中梳理评选出来的，入选的案例与百姓的生活密切相关"
"102244","9月28日，公安部非法集资案件投资人信息登记平台上又出现了批新面孔，爱钱帮雅堂金融等49家P2P平台开通登记通道，登记期限均为2018年09月28日至2019年3月27日"
"102998","近日，萧山警方依法查处三三宝利来及三三易通商城等平台涉嫌集资诈骗以及非法吸收公共存款案，对王文俊王文澜等多名嫌疑人采取刑事强制措施"
"105019","但并不是说集资诈骗的平台定比非法吸收公众存款的平台追回的资金要少，比如雨滴财富的案件性质是集资诈骗，资金追回的比例为80，但铜都贷的案件性质是非法吸收公众存款，资金追回的比例仅123"
"104004","来源丨网贷之家作者丨果粒可乐妹9月28日，继早前开通61家非法集资案投资人信息登记平台后，公安部非法集资案件投资人信息登记平台又新增了49家非法集资案件平台，包括爱钱帮金联储礼德财富新联在线雅堂金融宜聚网中融投等众多未兑付规模相对较大的平台"
"101693","枣强县李维聂辉李红等三人非法吸收公众存款案枣强县人民法院经审理查明：2014年6月，被告人李维聂辉与王某在逃三人共同出资合伙成立了青岛福元运通投资管理有限公司的加盟单店即衡水亨茂投资咨询有限公司，李维担任公司法定代表人，聂辉为公司股东"
"102213","作者：曾杰律师，专注于非法集资金融犯罪辩护，广强律师事务所非法集资犯罪辩护与研究中心秘书长此前，有朋友问曾杰律师，唐小僧联壁金融案中，保理公司是什么角色什么角色要钱，融资"
"103467","原标题：紧急福建这家公司涉嫌非法集资已被警方立案投资者速报案来源：东南早报综合鲤城公安网络版权归原作者所有，如有侵权请与我们联系梦熙号称有个美好而光明的未来福建有多少人投资了梦熙公司这些人请注意这家公司涉嫌非法集资违法犯罪活动现已被公安机关立案侦查看到请马上报案昨天，泉州鲤城公安分局发布通告称，根据群众举报，福建省梦熙投资咨询有限公司泉州市梦熙金融服务有限公司以下简称梦熙公司因涉嫌非法集资违法犯罪活动，现已被公安机关立案侦查，主要犯罪嫌疑人吴某宣等人已被采取刑事强制措施，案件正在抓紧侦办中"
"103101","今天，给大家来次最全盘点，曝光下那些吃人不吐骨头的骗局：01最常规的骗局借贷平台，金交所，文交所，看收益，吐本金，实为庞氏骗局e租宝，从2014年成立到2015年末跑路，用了年多的时间，将累计交易发生额做到高达700多亿元，实际非法集资500多亿元，涉及90余万人昆明泛亚，号称是全球最大的稀有金属交易所，涉及22万人，430亿资金追讨无门上海中晋，至案发时，未兑付金额达52亿元，涉及投资者128万余名上海快鹿，截至2015年2月，仅快鹿旗下东虹桥小贷共发放贷款万余笔，累计金额近160亿元金鹿财行在2015年累计从28540名投资者处募集投资159亿元"
"103188","值得注意的是，该平台提示显示，投资人如在联璧金融资邦唐小僧国金宝盐商壹理财旺财猫金银猫火理财永利宝夸客米袋新大仓鸿翔银票网金坳财富翡翠岛小诸葛金服华融道抢钱通掌悦理财普资金服聚财猫等18个理财平台投资的，可直接至公安部非法集资案件投资人信息登记平台网址："
"105298","比如债权转让产品，从此前当天财富审判的案例来看，此种债权转让模式涉嫌超级债权人模式问题与善林等类似，极容易涉嫌非法集资问题，但是其他相关快鹿发行的私募类基金产品，虽然也存在承诺保本付息问题，但是其是否针对不特定对象和公开宣传才是其是否构成非法集资关键，目前还还需要进步信息披露"
"102002","2018年7月13日，上海市公安局黄浦分局根据群众报案，对上海安民互联网金融信息服务有限公司华泰金融涉嫌非法吸收公众存款立案侦査"
"104727","据每日经济新闻报道称，小牛在线在2014年上线了款名为活期牛01的产品，而活期牛01期转让深圳小牛资本新富三号投资企业有限合伙的合伙份额收益权项目是自融，项目本身也是假的，融资的目的在于资金周转及扩张"
"104572","据统计，卢家帮通过这种手法入手了20多家网贷平台，目前警方明确定性的有人人爱家投之家天天财富壹佰金融中科金服聚胜财富翡翠岛理财火钱理财坚果理财邦邦理财等十多家，均因涉嫌非法吸收公众存款或集资诈骗立案，涉案金额超过600亿"
"103123","据统计，卢家帮通过这种手法入手了20多家网贷平台，目前警方明确定性的有人人爱家投之家天天财富壹佰金融中科金服聚胜财富翡翠岛理财火钱理财坚果理财邦邦理财等十多家，均因涉嫌非法吸收公众存款或集资诈骗立案，涉案金额超过600亿"
"104924","金融虎讯9月28日消息，今日，公安部非法集资案件投资人信息登记平台又新增了爱钱帮艾利财富宜聚网等49家爆雷P2P平台的登记入口"
"209590","红墙股份股东广东科创拟减持不超2股份尔康制药从白马变黑天鹅被揭黑幕前实控人减持成功避险卷入毕马威内幕交易丑闻康宝莱称不会导致退市"
"102276","公告显示，警方尚未发现大志投资旗下安捷财富智佳金服两平台有真实借贷标的，平台资金经层层转账等方式进入犯罪嫌疑人凌某实际控制的12个资金池账户"
"103199","值得注意的是，该平台提示显示，投资人如在联璧金融资邦唐小僧国金宝盐商壹理财旺财猫金银猫火理财永利宝夸客米袋新大仓鸿翔银票网金坳财富翡翠岛小诸葛金服华融道抢钱通掌悦理财普资金服聚财猫等18个理财平台投资的，可直接至公安部非法集资案件投资人信息登记平台网址："
"104582","据统计，卢家帮通过这种手法入手了20多家网贷平台，目前警方明确定性的有人人爱家投之家天天财富壹佰金融中科金服聚胜财富翡翠岛理财火钱理财坚果理财邦邦理财等十多家，均因涉嫌非法吸收公众存款或集资诈骗立案，涉案金额超过600亿"
"103778","健康猫涉嫌非法吸收公众存款健康猫涉嫌非法吸收公众存款今日早上8月27日，广州市公安局新闻办公室发布通报：根据群众举报和公安机关调查，今日广州市公安局天河区分局依法对广州大象健康科技有限公司健康猫平台涉嫌非法吸收公众存款进行立案侦查，抓获该公司法人代表杨某男，40岁，安徽人等9名犯罪嫌疑人"
"102801","被公安部点名的P2P平台，啥来头公安部官网显示，被集中押解回国，其中包括涉嫌非法吸收公众存款的佰亿猫案主要犯罪嫌疑人王某军，涉嫌集资诈骗的牛牛通宝案主要犯罪嫌疑人詹某朋另外，除本次押解回国的之外，还包括：涉嫌非法吸收公众存款的永利宝案犯罪嫌疑人吴某等，涉嫌集资诈骗的礼德财富案犯罪嫌疑人郑某森等，涉嫌非法吸收公众存款的联璧金融案犯罪嫌疑人侬某，涉嫌非法吸收公众存款的钱妈妈理财PP案犯罪嫌疑人刘某翰，涉嫌非法吸收公众存款的掌悦平台案犯罪嫌疑人王某等"
"102993","2015年12月，助业公司资金链断裂，无法支付投资群众的本金和利息，导致多名群众受到经济损失2015年8月20日，有群众向三亚市公安局经侦支队报案称，三亚助业投资管理有限公司涉嫌非法吸收公众存款"
"101733","报告中提到5个失信重点聚焦及典型案例，其中，权健公司涉传销及虚假广告犯罪案长春长生假疫苗案善林金融涉嫌集资诈骗案等被列为典型案例"
"104740","2014年3月至2016年4月，涉案人施建祥指使东虹桥小贷公司提供虚假债权材料东虹桥担保公司匹配虚假担保函件，再由金鹿系等融资平台包装成各种理财产品，连同中海投系融资平台擅自发行的基金产品等，在未经有关部门批准的情况下，采用召开推介会发送传单和互联网广告随机拨打电话举办或赞助演出等方式通过门店互联网等途径向社会公众公开宣传和销售，从而非法集资共计434亿余元"
"104578","据统计，卢家帮通过这种手法入手了20多家网贷平台，目前警方明确定性的有人人爱家投之家天天财富壹佰金融中科金服聚胜财富翡翠岛理财火钱理财坚果理财邦邦理财等十多家，均因涉嫌非法吸收公众存款或集资诈骗立案，涉案金额超过600亿"
"105703","今年7月份，网贷之家的兄弟公司投之家平台因涉嫌集资诈骗被警方立案，随后，牵出网贷行业最大的起连环诈骗，涉及人人爱家投之家天天财富壹佰金融中科金服聚胜财富翡翠岛理财火钱理财坚果理财邦邦理财等十多家平台，粗略统计各平台投资总额至少超过640亿元"
"105280","按照乐山中汇融资信息咨询服务有限公司乐山四福投资咨询有限公司乐山双安福投资咨询有限公司非法吸收公众存款案件处置有关工作安排，为了掌握集资人和其他债权人情况及推进集资人和其他债权人代表的推荐工作，定于2018年8月19日开展集资人和其他债权人登记工作，现将相关事宜公告如下：登记时间2018年8月19日至2018年8月25日上午9001150，下午200550二集中登记地点登记点：夹江县人民法院304办公室，联系电话：15328645581三登记对象乐山中汇融资信息咨询服务有限公司乐山四福投资咨询有限公司乐山双安福投资咨询有限公司集资人和其他债权人"
"200310","中元股份引国资入股连拉三板股东密集减持经营压力待解汇丰将搜狐评级下调至持有"
"105503","中房系的核心企业是中国房地产开发集团公司，旗下的生活贷和华融普银都已经爆雷，其中华融普银非法集资55亿，涉及30000人，是近年北京最大非法集资案"
"105105","11月14日上午，山东省高唐县人民法院依法公开宣判被告单位山东源大工贸有限公司山东赛雅服饰有限公司，以及被告人于西明于家乐苏银霞张振永程笑樊正安非法吸收公众存款案"
"104533","天下奇闻中国工商银行等16家银行新华社国家统计局中科院等参与昆明泛亚有色金属交易所非法集资430亿掠夺百姓合法财产人民银行昆明支行银监会云南银监局清整四年验收合法竟变成非法集资法制中国法制中国中央纪检委人民网"
"103994","来源丨网贷之家作者丨果粒可乐妹9月28日，继早前开通61家非法集资案投资人信息登记平台后，公安部非法集资案件投资人信息登记平台又新增了49家非法集资案件平台，包括爱钱帮金联储礼德财富新联在线雅堂金融宜聚网中融投等众多未兑付规模相对较大的平台"
"103540","两年非法吸收公众存款2500余万法院经审理查明：被告单位源大公司赛雅公司，被告人于西明于家乐苏银霞张振永程笑樊正安于2014年9月至2016年6月期间，通过源大公司在济南收购的山东正典投资有限责任公司以下简称正典公司非法吸收公众存款人民币250885万元"
"105324","云端金融7月7日，杭州市公安局江干分局发布，对杭州云端金融信息服务有限公司涉嫌非法吸收公众存款案立案侦查"
"102882","2002年，以雷克瑟丝之名进入香港台湾等地开展业务2004年4月，央视曝出雷克瑟丝传销案2004年5月，该公司向国家工商总局申请注册了莱科萨斯国际中国有限公司LexxusInternationalChinaCo，Ltd以下简称莱科萨斯2007年2月，包括莱科萨斯香港分公司在内的17家传销组织名单被国家工商总局向社会公布"
"106178","上诉人优特私人有限公司以下简称优特私人公司上诉人优必克电力轨道上海有限公司以下简称优必克公司因与被上诉人中山市仁诚贸易有限公司以下简称仁诚公司侵害发明专利权专利号为ZL20101011XXXX5，以下简称涉案专利纠纷案，均不服中华人民共和国广州知识产权法院2016粤73民初628号民事判决，向本院提起上诉"
"104574","据统计，卢家帮通过这种手法入手了20多家网贷平台，目前警方明确定性的有人人爱家投之家天天财富壹佰金融中科金服聚胜财富翡翠岛理财火钱理财坚果理财邦邦理财等十多家，均因涉嫌非法吸收公众存款或集资诈骗立案，涉案金额超过600亿"
"104754","如此前公布的企业中，善林财富旗下的高通盛融中晋集团旗下的中晋股权投资基金上海快鹿投资旗下的火柴快鹿股权投资基金等公司，都是因为关联公司P2P业务被曝光涉嫌非法集资，随后进入失联状态"
"105824","原标题：涉嫌非法吸储诈骗十多亿元深圳三被告单位与被告人被控三宗罪昨受审2016年12月29日消息，深圳市金某联融资担保有限公司深圳市金某顺集团有限公司和深圳市光某产业控股集团有限公司三家公司被共同起诉非法吸收公众存款合同诈骗集资诈骗罪十亿多元，而深圳市金某联融资担保有限公司法定代表人刘某卫则被指控为三家公司的实际控制人，同时被控上述三宗罪"
"103849","斐讯0元购调查上海爆料第眼见马云以为是搞传销，现在是首富，打脸了政府京东移动联通电信宣传斐讯0元购联璧金融以为安全合法，现在非法集资，打脸了厉害了我的国，我最信任的伤害我最深正义也许会迟到，但是永远不会缺席历史是勇敢者创造的，让我们拿出信心采取行动，携手向着未来前进"
"104183","溪山粉彩富贵春的行骗者你们还好吗安徽文化艺术品交易中心上当受骗者维权者加群举报青岛西海岸新区新都电子公司工会主席树忠祥用钱摆平条人命倒霉我家的海尔家电又出问题了南阳卷烟厂李华退休待遇问题黑幕重重，同时冒出三个李华血泪控诉湖南衡东机油泵公司董事长许仲秋违法立功可连续三任全国人大代表中商系布局P2P的真实目的，从金盈所的自融说开去零钱罐之前找的央企爹失信，又爆料几次发假标，超高活期，还是高返平台郑州棉花交易市场有限公司茶叶票，普洱茶电子盘诈骗事实，希望大家转帖易乾宁集资案追踪：分公司3名总监非吸金额就超3亿元湖北永恒太阳能公司以高收益诱惑投资者涉嫌非法集资当地政金贝猫发连号公司假标自融涉旌逸集团庞氏骗局娄底骨伤科医院是家是缺德医院害人医院河北移联网信集团涉嫌非息和非法集资希望大家能联合起来起去维权广州诺正华熙首信等多家公司涉嫌原油诈骗河北省邯郸市馆陶县人民医院患者被诊断心脏病患者举报医院伪造病历致患者保单被山西省肿瘤医院院长徐均利用职务之便暗箱操作项目招标卡比乐益智玩具童车加盟骗局广州卡比乐玩具公司诈骗圈套南昌市生殖医院莆田系骗子医院黑医院，坑人的骗子凯乐科技旗下抱财网疑疯狂发假标自融大批空壳公司集结于海淀办花木金融问题重重被网友深扒爆料，投资需谨慎石家庄白求恩医院真不是东西，坑人骗人分秒金融被曝料配景作假疑似自融!咸宁现代医院男科莆田人开的黑医院揭开礼德财富的面具：借款公司成立月营收400万多连号公司组团君融贷涉嫌违规担保，，背后竟涉及两家上市公司和著名VC"
"104267","佑米金融2018年7月6日，杭州公安局西湖分局在官方微博发布通告，称7月5日，该分局对杭州优杨投资管理有限公司涉嫌非法吸收公众存款罪立案侦查"
"103020","广东省市场监督管理局还对外公布了10个典型案例，包括广州乐布林电子商务有限公司销售保健用品虚假宣传刷单案佛山市皓铭化妆品有限公司传销案东莞市蒸妙健康科技有限公司发布违法互联网广告案云浮市云城区征球商贸有限公司虚假宣传案等"
"103239","原标题：移送审查追回资金警方通报涉集资诈骗7平台办案进展新京报快讯杭州市公安局西湖区分局微信公号今日发布聚富蛙钱内助乾庄小算盘财银狐抓钱猫最近办案情况公告显示，警方通过冻结追回资金查封财产等措施加大追赃挽回力度，同时对相关平台犯罪嫌疑人采取刑事强制措施移送检察院审查起诉"
"103205","值得注意的是，该平台提示显示，投资人如在联璧金融资邦唐小僧国金宝盐商壹理财旺财猫金银猫火理财永利宝夸客米袋新大仓鸿翔银票网金坳财富翡翠岛小诸葛金服华融道抢钱通掌悦理财普资金服聚财猫等18个理财平台投资的，可直接至公安部非法集资案件投资人信息登记平台网址："
"105882","即四川鹏图伟业与四川汇金恒盛为同伙人实际经营，虽然事情过去1年多，骗子们换了公司名，搬了办公地址，骗子还在继续行骗，我们会直盯死他们，不管怎么搬家，怎么换名称都会找到他们我让我朋友去带项目找四川汇金恒盛，里面个叫李会琴的女人接待的，说陈大岗是项目部的，她还是陈大岗的领导了，张口就跟我朋友说想要合作需要打180万到共管账户，诈骗方式与当初的鹏图伟业模样有录音为证"
"103017","广东省市场监督管理局还对外公布了10个典型案例，包括广州乐布林电子商务有限公司销售保健用品虚假宣传刷单案佛山市皓铭化妆品有限公司传销案东莞市蒸妙健康科技有限公司发布违法互联网广告案云浮市云城区征球商贸有限公司虚假宣传案等"
"104897","小猪理财案新进展：6人被采取刑事强制措施第网贷讯12月28日，南昌公安通过官微发布关于江西小猪金融信息服务有限公司小猪理财平台涉嫌非法吸收公众存款案件的情况通报"
"105214","据统计，卢家帮通过这种手法入手了20多家网贷平台，目前警方明确定性的有人人爱家投之家天天财富壹佰金融中科金服聚胜财富翡翠岛理财火钱理财坚果理财邦邦理财等十多家，均因涉嫌非法吸收公众存款或集资诈骗立案，涉案金额超过600亿"
"101828","山东惠民宜联投资咨询有限公司涉嫌集资诈骗案滨州诚盈泓品电子商务有限公司涉嫌非法吸收公众存款犯罪公告今年以来，随着唐小僧联璧金融等大型网贷平台相继爆雷，全国多家网贷平台也爆发跑路无法提现项目还款逾期等问题，我局陆续收到外省市网络借贷平台案件协查通知"
"103206","值得注意的是，该平台提示显示，投资人如在联璧金融资邦唐小僧国金宝盐商壹理财旺财猫金银猫火理财永利宝夸客米袋新大仓鸿翔银票网金坳财富翡翠岛小诸葛金服华融道抢钱通掌悦理财普资金服聚财猫等18个理财平台投资的，可直接至公安部非法集资案件投资人信息登记平台网址："
"102133","查询存在风险的金融或传销平台，请在公众号聊天窗口发送在线查询识别二维码打着气死马云踢走京东你消费我买单消费共享消费全返等口号广州云联惠传销组织在绵阳发展会员6000多人非法牟利100余万元广州云联惠公司于2014年1月6日在广州黄埔区注册成立，设计开发了云联商城，采取消费全返经营模式吸收会员，要求参加者以缴纳费用等形式获得加入资格，设置提成和嘉奖两种积分奖励制度并形成119层会员网络八级代理公司吸纳资金，牟取非法利益"
"102265","9月28日，继此前开通61家非法集资案投资人信息登记平台后，公安部非法集资案件投资人信息登记平台又新增了49家非法集资案件平台，包括爱钱帮金联储礼德财富新联在线雅堂金融宜聚网中融投等众多未兑付规模相对较大的平台"
"104193","溪山粉彩富贵春的行骗者你们还好吗安徽文化艺术品交易中心上当受骗者维权者加群举报青岛西海岸新区新都电子公司工会主席树忠祥用钱摆平条人命倒霉我家的海尔家电又出问题了南阳卷烟厂李华退休待遇问题黑幕重重，同时冒出三个李华血泪控诉湖南衡东机油泵公司董事长许仲秋违法立功可连续三任全国人大代表中商系布局P2P的真实目的，从金盈所的自融说开去零钱罐之前找的央企爹失信，又爆料几次发假标，超高活期，还是高返平台郑州棉花交易市场有限公司茶叶票，普洱茶电子盘诈骗事实，希望大家转帖易乾宁集资案追踪：分公司3名总监非吸金额就超3亿元湖北永恒太阳能公司以高收益诱惑投资者涉嫌非法集资当地政金贝猫发连号公司假标自融涉旌逸集团庞氏骗局娄底骨伤科医院是家是缺德医院害人医院河北移联网信集团涉嫌非息和非法集资希望大家能联合起来起去维权广州诺正华熙首信等多家公司涉嫌原油诈骗河北省邯郸市馆陶县人民医院患者被诊断心脏病患者举报医院伪造病历致患者保单被山西省肿瘤医院院长徐均利用职务之便暗箱操作项目招标卡比乐益智玩具童车加盟骗局广州卡比乐玩具公司诈骗圈套南昌市生殖医院莆田系骗子医院黑医院，坑人的骗子凯乐科技旗下抱财网疑疯狂发假标自融大批空壳公司集结于海淀办花木金融问题重重被网友深扒爆料，投资需谨慎石家庄白求恩医院真不是东西，坑人骗人分秒金融被曝料配景作假疑似自融!咸宁现代医院男科莆田人开的黑医院揭开礼德财富的面具：借款公司成立月营收400万多连号公司组团君融贷涉嫌违规担保，，背后竟涉及两家上市公司和著名VC"
"105204","公告称，警方尚未发现大志投资旗下安捷财富智佳金服两平台有真实借贷标的，平台资金经层层转账等方式进入犯罪嫌疑人凌某实际控制的12个资金池账户"
"105804","2017年初，正奇金融旗下互金平台奇乐融曾被自媒体曝出涉嫌自融，此质疑被正奇金融否认"
"106112","案件持续发酵：上海经侦已立案唐小僧官网显示，该平台成立于2014年10月31日，实际控制人为资邦金服网络科技集团有限公司，由资邦金服全资子公司资邦元达上海互联网金融信息服务有限公司负责运营"
"104251","同时，也被部分经营主体异化为传销工具，比如万家购物太平洋直购网云联惠等"
"103729","2018年7月5日，上海市公安局杨浦分局根据群众报案，对萨飞投资管理上海有限公司萨飞资本理财平台涉嫌非法吸收公众存款罪立案侦查"
"104352","今年7月份，网贷之家的兄弟公司投之家平台因涉嫌集资诈骗被警方立案，随后，牵出网贷行业最大的起连环诈骗，涉及人人爱家投之家天天财富壹佰金融中科金服聚胜财富翡翠岛理财火钱理财坚果理财邦邦理财等十多家平台，粗略统计各平台投资总额至少超过640亿元"
"103197","值得注意的是，该平台提示显示，投资人如在联璧金融资邦唐小僧国金宝盐商壹理财旺财猫金银猫火理财永利宝夸客米袋新大仓鸿翔银票网金坳财富翡翠岛小诸葛金服华融道抢钱通掌悦理财普资金服聚财猫等18个理财平台投资的，可直接至公安部非法集资案件投资人信息登记平台网址："
"102362","善林金融53人移交检察院起诉上海市公安局浦东分局官方微信警民直通车浦东的消息，今年4月立案调查的善林上海金融信息服务有限公司善林金融法定代表人周某某，执行总裁田某某等12人以涉嫌集资诈骗罪移送浦东新区人民检察院审查起诉，另有41名犯罪嫌疑人以涉嫌非法吸收公众存款罪移送浦东新区人民检察院审查起诉"
"105015","据统计，卢家帮通过这种手法入手了20多家网贷平台，目前警方明确定性的有人人爱家投之家天天财富壹佰金融中科金服聚胜财富翡翠岛理财火钱理财坚果理财邦邦理财等十多家，均因涉嫌非法吸收公众存款或集资诈骗立案，涉案金额超过600亿"
"104233","早报，11月21日，星期三，农历十月十四1全国首套人工智能教材明年进入中小学，在沪试点受到学生欢迎2泉州警方通报女记者采访碳九事故被查房：涉事民警停职3警方通报贝米钱包非法吸储案：法定代表人被批捕，已追缴5亿4武汉阿婆六百元港澳游遭强制购物成植物人，组织方判赔23万5俞敏洪到全国妇联向女同胞道歉：前几天的言论极其错误6上交所：黄有龙赵薇等5年内不适合担任上市公司董监高7碧桂园香港首个住宅项目低价入市销售，部分房源低于成本价8民企蓝箭航天获3亿元B轮融资，用于液体火箭研制基建9京东金融升级为京东数科：助建智能城市，用猪脸识别养猪10俄罗斯宣布首次载人登月计划：2030年后去，停留14天11加拿大海岸附近石油泄漏估计达25万升，规模创加国纪录12沙特外长称美国制裁不可威胁国王王储，暗示或中止军火大单微语没有相当程度的孤独是不可能有内心的平和"
"103541","两年非法吸收公众存款2500余万法院经审理查明：被告单位源大公司赛雅公司，被告人于西明于家乐苏银霞张振永程笑樊正安于2014年9月至2016年6月期间，通过源大公司在济南收购的山东正典投资有限责任公司以下简称正典公司非法吸收公众存款人民币250885万元"
"101840","另外，云联惠资本运作善心汇优德集团国投联盟红旗积分消费投资等传销组织在列"
"106194","庞某某起诉东航趣拿公司和星旅公司，要求他们就其信息泄露承担责任"
"105340","菠萝理财平台有国家颁发的三证ICP经营许可证银行存管国家信息系统安全等级保护三级认证，是正规运行的合法合规的平台，是受国家保护和监督的，我们借款给菠萝，是看中平台是在首都北京，是国企控股，是正规运行了3年多的平台，但中海外能源集团有限公司和恒泰曹妃甸能源有限公司作为国企，如此没有社会责任感，在恒泰曹妃甸能源有限公司作为大股东入主菠萝理财的2018年2月6日至7月11日，坑害广大出借人的身家性命绝大多数未回款投资均发生在此期间，据悉菠萝理财应收款项35亿左右，让人愤慨如今经侦介入，孙志远被审查，中海外想让菠萝理财成为替罪羊，推脱责任，让菠萝理财的广大出借人承担因他引起的不良后果我们绝不答应经广大出借人共同努力侦查，同时根据相关法律法规，投资时间在原股东撤资前的，原股东需担责，故而致认为恒泰曹妃甸能源有限公司作为前股东，应当对2018年2月6日至7月11日之前出借人的标的资金负有偿还责任，并且认为中国海外控股集团有限公司恒泰曹妃甸能源有限公司北京蓝鼎贸易有限公司和北京巨鼎君富投资有限公司多方涉嫌自融金额巨大，致使广大出借人利益受损"
"105526","以非法吸收公众存款罪，判处被告单位山东源大工贸有限公司罚金人民币20万元判处被告单位山东赛雅服饰有限公司罚金人民币15万元判处被告人于西明有期徒刑4年，并处罚金人民币15万元判处被告人于家乐有期徒刑3年6个月，并处罚金人民币10万元判处被告人苏银霞有期徒刑3年，并处罚金人民币8万元判处被告人张振永有期徒刑3年，缓刑4年，并处罚金人民币8万元对被告人程笑被告人樊正安免予刑事处罚"
"105444","海峡网新华社南京月日电记者从南京市公安局了解到，日，南京市公安局江北新区分局依法对钱宝系企业实际控制人张小雷以涉嫌集资诈骗罪移送检察机关审查起诉"
"102803","被公安部点名的P2P平台，啥来头公安部官网显示，被集中押解回国，其中包括涉嫌非法吸收公众存款的佰亿猫案主要犯罪嫌疑人王某军，涉嫌集资诈骗的牛牛通宝案主要犯罪嫌疑人詹某朋另外，除本次押解回国的之外，还包括：涉嫌非法吸收公众存款的永利宝案犯罪嫌疑人吴某等，涉嫌集资诈骗的礼德财富案犯罪嫌疑人郑某森等，涉嫌非法吸收公众存款的联璧金融案犯罪嫌疑人侬某，涉嫌非法吸收公众存款的钱妈妈理财PP案犯罪嫌疑人刘某翰，涉嫌非法吸收公众存款的掌悦平台案犯罪嫌疑人王某等"
"102306","新华社石家庄1月16日电记者杨帆近日有媒体曝光了河北华林酸碱平生物技术有限公司以下简称华林公司涉嫌虚假宣传和传销行为，引起舆论广泛关注"
"105389","山东省高唐县人民法院认为，二被告单位伙同被告人樊正安违反国家金融管理法律规定，未经有关部门依法批准吸收资金，通过散发宣传彩页到赛雅等公司参观考察等途径向社会不特定对象公开宣传，并承诺在定期限内还本付息，其行为均构成非法吸收公众存款罪被告人于西明苏银霞作为源大公司直接负责的主管人员，被告人于家乐作为源大公司直接责任人员，被告人张振永作为赛雅公司直接负责的主管人员，被告人程笑作为赛雅公司的直接责任人员，其行为均构成非法吸收公众存款罪"
"103738","山东省高唐县人民法院认为，二被告单位伙同被告人樊正安违反国家金融管理法律规定，未经有关部门依法批准吸收资金，通过散发宣传彩页到赛雅等公司参观考察等途径向社会不特定对象公开宣传，并承诺在定期限内还本付息，其行为均构成非法吸收公众存款罪被告人于西明苏银霞作为源大公司直接负责的主管人员，被告人于家乐作为源大公司直接责任人员，被告人张振永作为赛雅公司直接负责的主管人员，被告人程笑作为赛雅公司的直接责任人员，其行为均构成非法吸收公众存款罪"
"105157","余名网贷平台非法集资外逃嫌犯落网人从泰国被押解回国新华社广州月日电记者熊丰月日，架从泰国曼谷起飞的中国民航包机抵达广州白云机场，名外逃经济犯罪嫌疑人被集中押解回国，其中包括涉嫌非法吸收公众存款的佰亿猫案主要犯罪嫌疑人王某军，涉嫌集资诈骗的牛牛通宝案主要犯罪嫌疑人詹某朋等网贷平台非法集资犯罪嫌疑人"
"103530","无论e租宝中晋善林还是高返四大天王，都不是真正的P2P平台网络借贷信息中介机构，他们打着网贷的旗号，实际从事的是非法集资和庞氏骗局"
"103782","今日，杭州市公安局西湖区分局发布关于财金融人爱金服钱内助3家平台涉嫌非法吸收公众存款案的最新通报"
"105037","CB休赛期14队换帅近百人次流动创下新高关于网上赌博的判刑美国iPhone印度销量将现四年首次下滑但库克仍乐观惊阿司匹林竟是个长达40年的错误先别擅自停药亿邦国际上市被港交所叫停疑因卷入52亿非法集资案美股涨幅收窄道指上涨约200点谁在说谎盘点贾跃亭与恒大对簿公堂的三大疑点，永辉国际娱乐城，Facebook隐私泄露事件继续发酵黑客出售聊天信息我叫mt紫皇投注网站值得提的是，该区还将探索建立外国人服务管理体系和工作平台"
"105151","现向媒体报料，希望媒体介入追踪报道，为广大受害者伸张正义金华客缘祥商贸有限公司义乌市经发大道209号笑雪服饰商务楼B座4楼，法人：余道勇，2016年11月成立客缘祥跨境电子商务深圳有限公司金华客缘祥100控股，法人余道勇，2016年至2017年其间，以投资植物饮料水依生返还广告补助为名，打着国家支持电子商务新经济业态蒙蔽群众，1该公司以线下开店和产品进入党的十九大会议进行非法集资和诈骗2该公司以原始股名义和美国上市进行非法集资和诈骗3该公司以高额回报为诱饵诈骗群众消费和投资"
"104625","2014年3月至2016年4月，涉案人施建祥指使东虹桥小贷公司提供虚假债权材料东虹桥担保公司匹配虚假担保函件，再由金鹿系等融资平台包装成各种理财产品，连同中海投系融资平台擅自发行的基金产品等，在未经有关部门批准的情况下，采用召开推介会发送传单和互联网广告随机拨打电话举办或赞助演出等方式通过门店互联网等途径向社会公众公开宣传和销售，从而非法集资共计434亿余元"
"102459","此外，在非法集资企业方面，包括四川煜邦投资理财信息咨询有限公司四川煜邦投资理财信息咨询有限公司上海分公司深圳中资信业互联网金融服务有限公司上海世虹投资管理有限公司与潍坊惠利银通信息科技有限公司39家企业被列为失信机构，被法院判处为非法吸收公众存款罪"
"105718","2019年1月15日，山东省政府部门在留言板回应如下▽▽▽尊敬的网友：您好您反映的问题，滨州市金融工作办公室进行了调查处理，现回复如下：滨州市金融办协同滨城区金融办对山东滨州国草生态科技有限公司涉嫌非法集资相关情况进行了了解核实：2018年5月16日，该公司因涉嫌非法吸收公众存款群众报案，被滨城区公安分局立案侦查，目前案件正在侦办中"
"104873","兰州中院审理查明，被告人张来臣张广晶陈文杰班朋飞以非法占有为目的，在无经济实力和无任何经营项目的情况下，未经有关部门批准，于2012年8月15日在兰州市发起成立鑫融通公司，开始从事非法集资业务，并用前期非法集资所得资金于2012年12月开始，先后成立金盛昌公司万昌公司国泰公司中润公司弘泰公司华信公司等6家公司，并成立未经注册登记的弘泰集团管理这7家公司"
"201689","人人车三天两曝欺骗消费者野蛮生长的背后有什么派生实业向控股股东增资25亿元鸿特科技实控人将变更涉曲江文旅内幕交易华侨城集团高管被停职"
"104043","今年9月，上海快鹿投资集团有限公司上海长宁东虹桥小额贷款股份有限公司上海东虹桥融资担保股份有限公司以及徐琪美国籍张蕾黄家骝孙晔等12名个人，以集资诈骗非法吸收公众存款等罪名在上海中院开庭受审"
"201483","九牧铅超标丑闻中推无铅包钢股份募投项目停滞长期未披露董事长被通报批评"
"105747","余名网贷平台非法集资外逃嫌犯落网人从泰国被押解回国新华社广州月日电记者熊丰月日，架从泰国曼谷起飞的中国民航包机抵达广州白云机场，名外逃经济犯罪嫌疑人被集中押解回国，其中包括涉嫌非法吸收公众存款的佰亿猫案主要犯罪嫌疑人王某军，涉嫌集资诈骗的牛牛通宝案主要犯罪嫌疑人詹某朋等网贷平台非法集资犯罪嫌疑人"
"103522","中天码，就是种非法集资道具，中天盛祥这个公司，根本不是宣传的国资背景，查工商记录就露陷"
"106128","原告山东泗水光辉运输有限公司以下简称光辉运输公司与被告管红伟平邑昊通物流有限公司以下简称昊通公司中国人民财产保险股份有限公司菏临沂市分公司以下简称人保临沂公司机动车交通事故责任纠纷案，本院立案后，依法适用简易程序，公开开庭进行了审理"
"104280","警方披露五：关于海南跨亚欧公司涉案资金流向的调查情况经初步调查，海南跨亚欧网络竞技有限公司特大网络传销案涉案资金约406亿元，其中约10亿元用于会员高额返利，约27亿元用于会员提现，剩余3亿余元被刘勇和夏建荣等非法占有，目前公安机关已冻结涉案资金约13亿元，剩余资金的追缴工作仍在继续进行中"
"103253","经审理查明：2013年9月至2015年8月间，涉案人施建祥另案处理为实施非法集资活动，组建了个人实际控制的以快鹿集团为核心并统管理东虹桥小贷公司东虹桥担保公司以及金鹿系当天系中海投系等融资平台的快鹿系集团"
"103464","原标题：紧急福建这家公司涉嫌非法集资已被警方立案投资者速报案来源：东南早报综合鲤城公安网络版权归原作者所有，如有侵权请与我们联系梦熙号称有个美好而光明的未来福建有多少人投资了梦熙公司这些人请注意这家公司涉嫌非法集资违法犯罪活动现已被公安机关立案侦查看到请马上报案昨天，泉州鲤城公安分局发布通告称，根据群众举报，福建省梦熙投资咨询有限公司泉州市梦熙金融服务有限公司以下简称梦熙公司因涉嫌非法集资违法犯罪活动，现已被公安机关立案侦查，主要犯罪嫌疑人吴某宣等人已被采取刑事强制措施，案件正在抓紧侦办中"
"101842","另外，云联惠资本运作善心汇优德集团国投联盟红旗积分消费投资等传销组织在列"
"103488","经审理查明：2013年9月至2015年8月间，涉案人施建祥另案处理为实施非法集资活动，组建了个人实际控制的以快鹿集团为核心并统管理东虹桥小贷公司东虹桥担保公司以及金鹿系当天系中海投系等融资平台的快鹿系集团"
"105333","10月1日凌晨，上海公安机关成功将涉嫌非法吸收公众存款罪的上海赢东投资管理有限公司上海辛屿商务咨询有限公司主要犯罪嫌疑人张某某押解回沪"
"104903","据悉，8月8日公布的失联私募中，有两家近期频受关注的私募机构，亚洲掘金投资管理北京有限公司曾是名噪时的私募冠军，众筹炒股超百亿，后被通报涉嫌集资诈骗，已于7月19日被中国经营报立案侦查"
"101784","10月22日晚间，万家乐2800,003,108公告称，接到控股子公司浙江翰晟携创实业有限公司有关人员报告，10月19日，浙江翰晟接到杭州市公安局余杭分局下发的查封决定书，当中提到杭州市公安局余杭分局在侦查金忠栲等人涉嫌非法吸收公众存款案件中，发现浙江翰晟持有的部分财物文件可用以证明犯罪嫌疑人有罪或无罪"
"101915","本院执行申请执行人辽源市龙山区弘汇典当有限公司与被执行人东丰县仁全农牧综合养殖场东丰县东丰镇双全村民委员会民间借贷纠纷案，执行中，因东丰县公安局决定对东丰县仁全农牧综合养殖厂张守义非法吸收公众存款案立案侦查，依照中华人民共和国民事诉讼法第二百五十六条第款第五项的规定，裁定如下：东丰县人民法院2014东民初字第794号民事调解书本次终结执行"
"102513","2014年3月至2016年4月，涉案人施建祥指使东虹桥小贷公司提供虚假债权材料东虹桥担保公司匹配虚假担保函件，再由金鹿系等融资平台包装成各种理财产品，连同中海投系融资平台擅自发行的基金产品等，在未经有关部门批准的情况下，采用召开推介会发送传单和互联网广告随机拨打电话举办或赞助演出等方式通过门店互联网等途径向社会公众公开宣传和销售，从而非法集资共计434亿余元"
"104592","此前，9月16日，安徽公安在登记平台就大志集团涉嫌非法集资犯罪案件，新增智佳金服和安捷财富2家平台登记入口"
"106043","两年非法吸收公众存款2500余万法院经审理查明：被告单位源大公司赛雅公司，被告人于西明于家乐苏银霞张振永程笑樊正安于2014年9月至2016年6月期间，通过源大公司在济南收购的山东正典投资有限责任公司以下简称正典公司非法吸收公众存款人民币250885万元"
"102571","法院判决法院认为，被告单位安徽钰诚控股集团钰诚国际控股集团以非法占有为目的，使用诈骗方法进行非法集资，其行为已构成集资诈骗罪"
"104555","经侦查，现已查明张小雷涉嫌集资诈骗犯罪的主要事实：依托钱旺钱宝公司建立了网络平台钱宝网，在未经国家金融主管部门批准的情况下，通过钱宝网，以年化收益率20至40的高额收益为诱饵，设置资金池，以交押金看广告做任务赚外快为名，利用众多第三方支付平台通道，向不特定社会公众大量非法集资"
"105613","至于万家乐董事长及其子公司浙江翰晟，与草根投资的涉嫌非法吸收公众存款案的具体情况，记者就不得而知了"
"105229","举报信图片如下：请求调查刘平辉涉嫌非法集资＂13亿＂及重婚生育小孩恶意打伤会员的报告二实名举报内容尊敬的县纪委监察委领导：刘平辉，现任娄底市党代表，是县建材协会党支部副书记，宝源木业新化经销总经理同心商业运营管理有限公司总经理天渠茶业有限公司董事长"
"103196","值得注意的是，该平台提示显示，投资人如在联璧金融资邦唐小僧国金宝盐商壹理财旺财猫金银猫火理财永利宝夸客米袋新大仓鸿翔银票网金坳财富翡翠岛小诸葛金服华融道抢钱通掌悦理财普资金服聚财猫等18个理财平台投资的，可直接至公安部非法集资案件投资人信息登记平台网址："
"211322","百威英博考虑出售SBMiller欧洲高档啤酒品牌以解决垄断问题短讯据曼谷邮报泰国前总理班汉逝世终年83岁"
"212057","保集控股半年两登黑榜邯郸污染宁波违法广告贬同行巴西穆迪将公债评级展望下调至负面"
"105343","菠萝理财平台有国家颁发的三证ICP经营许可证银行存管国家信息系统安全等级保护三级认证，是正规运行的合法合规的平台，是受国家保护和监督的，我们借款给菠萝，是看中平台是在首都北京，是国企控股，是正规运行了3年多的平台，但中海外能源集团有限公司和恒泰曹妃甸能源有限公司作为国企，如此没有社会责任感，在恒泰曹妃甸能源有限公司作为大股东入主菠萝理财的2018年2月6日至7月11日，坑害广大出借人的身家性命绝大多数未回款投资均发生在此期间，据悉菠萝理财应收款项35亿左右，让人愤慨如今经侦介入，孙志远被审查，中海外想让菠萝理财成为替罪羊，推脱责任，让菠萝理财的广大出借人承担因他引起的不良后果我们绝不答应经广大出借人共同努力侦查，同时根据相关法律法规，投资时间在原股东撤资前的，原股东需担责，故而致认为恒泰曹妃甸能源有限公司作为前股东，应当对2018年2月6日至7月11日之前出借人的标的资金负有偿还责任，并且认为中国海外控股集团有限公司恒泰曹妃甸能源有限公司北京蓝鼎贸易有限公司和北京巨鼎君富投资有限公司多方涉嫌自融金额巨大，致使广大出借人利益受损"
"103171","值得注意的是，该平台提示显示，投资人如在联璧金融资邦唐小僧国金宝盐商壹理财旺财猫金银猫火理财永利宝夸客米袋新大仓鸿翔银票网金坳财富翡翠岛小诸葛金服华融道抢钱通掌悦理财普资金服聚财猫等18个理财平台投资的，可直接至公安部非法集资案件投资人信息登记平台网址："
"105958","2017年9月19日，北京市东城区法院立案受理红牛维他命诉泰国天丝商标权权属纠纷案"
"102143","2018年6月30日7月1日，云南省昆明市中级人民法院对被告单位昆明泛亚有色金属交易所股份有限公司云南天浩稀贵金属股份有限公司等4家公司以及单九良等21名被告人涉嫌非法吸收公众存款罪单九良和杨国红涉嫌职务侵占罪案依法公开开庭审理"
"104189","溪山粉彩富贵春的行骗者你们还好吗安徽文化艺术品交易中心上当受骗者维权者加群举报青岛西海岸新区新都电子公司工会主席树忠祥用钱摆平条人命倒霉我家的海尔家电又出问题了南阳卷烟厂李华退休待遇问题黑幕重重，同时冒出三个李华血泪控诉湖南衡东机油泵公司董事长许仲秋违法立功可连续三任全国人大代表中商系布局P2P的真实目的，从金盈所的自融说开去零钱罐之前找的央企爹失信，又爆料几次发假标，超高活期，还是高返平台郑州棉花交易市场有限公司茶叶票，普洱茶电子盘诈骗事实，希望大家转帖易乾宁集资案追踪：分公司3名总监非吸金额就超3亿元湖北永恒太阳能公司以高收益诱惑投资者涉嫌非法集资当地政金贝猫发连号公司假标自融涉旌逸集团庞氏骗局娄底骨伤科医院是家是缺德医院害人医院河北移联网信集团涉嫌非息和非法集资希望大家能联合起来起去维权广州诺正华熙首信等多家公司涉嫌原油诈骗河北省邯郸市馆陶县人民医院患者被诊断心脏病患者举报医院伪造病历致患者保单被山西省肿瘤医院院长徐均利用职务之便暗箱操作项目招标卡比乐益智玩具童车加盟骗局广州卡比乐玩具公司诈骗圈套南昌市生殖医院莆田系骗子医院黑医院，坑人的骗子凯乐科技旗下抱财网疑疯狂发假标自融大批空壳公司集结于海淀办花木金融问题重重被网友深扒爆料，投资需谨慎石家庄白求恩医院真不是东西，坑人骗人分秒金融被曝料配景作假疑似自融!咸宁现代医院男科莆田人开的黑医院揭开礼德财富的面具：借款公司成立月营收400万多连号公司组团君融贷涉嫌违规担保，，背后竟涉及两家上市公司和著名VC"
"205648","机构龙虎榜三机构卖出好想你8300万元雅安善款支出近四成数机构未披露用途"
"101792","2018年1月4日消息，杭州火钱和两家涉嫌非法吸收公众存款案又有新进展了根据杭州市公安局西湖分局最新案件通报显示，涉案平台城城理财已于2018年7月31日移送西湖区人民检察院，目前本案主要犯罪嫌疑人张某东傅某杰叶某仪阮某平叶某雅等五人于2018年11月27日由西湖区检察院起诉至西湖区人民法院，2018年11月27日被检察院第二次退查的涉案人员傅某涛孙某黄某豆某淳徐某等五人已于2018年12月25日补充侦查完毕，目前在西湖区人民检察院审查"
"105496","王晓君所言不虚，年初中商财富就曾被爆出陷入10亿元担保黑洞，而在此之前，2013年的5月因对高息理财的狂热追逐，引发的河南洛阳大华投资担保公司下称大华和国担投资公司下称国担非法集资案件，涉案金额巨大涉及人数众多，已严重影响了正常的经济秩序和社会稳定和谐，上述两案中共同点就是担保公司为投资理财公司的子公司或者关联公司，且众多担保人跑路"
"105099","金融虎讯4月9日消息，深圳前海信和远互联网金融服务有限公司乾多多支付平台和深圳前海中仁互联网金融服务有限公司旗下P2P平台中仁财富均因涉嫌集资诈骗被移送深圳市人民检察院审查起诉"
"105064","文章来源：打传宣传联盟，特此鸣谢头条查获4700万现金隆盈天下告破，6人被抓，请及时举报其他头目涉赌PP卷土重来换皮借传销模式再现非洲猪瘟病毒已渗入食品防控难度陡增，非洲猪瘟防治科普知识套路太深大学生遭遇培训贷，没入职就背上万贷款老人维权拿回万元投资款，宁乡市回龙铺镇五养山庄养老公寓涉嫌非法集资河南红瑞乐邦夸大疗效，洗脑宣传，文峰工商所警告大家不贪小便宜，不相信免费的馅饼疑因伪造公安文件，催收行业龙头深圳万乘分公司被查案评合发上海公司因传销和虚假广告被罚没1420万元被腾讯起诉这四家非法网络借贷公司居然做了1000多个违规现金贷小程序小编微信电话17679201938更多内容请点击阅读原文"
"103175","值得注意的是，该平台提示显示，投资人如在联璧金融资邦唐小僧国金宝盐商壹理财旺财猫金银猫火理财永利宝夸客米袋新大仓鸿翔银票网金坳财富翡翠岛小诸葛金服华融道抢钱通掌悦理财普资金服聚财猫等18个理财平台投资的，可直接至公安部非法集资案件投资人信息登记平台网址："
"103184","值得注意的是，该平台提示显示，投资人如在联璧金融资邦唐小僧国金宝盐商壹理财旺财猫金银猫火理财永利宝夸客米袋新大仓鸿翔银票网金坳财富翡翠岛小诸葛金服华融道抢钱通掌悦理财普资金服聚财猫等18个理财平台投资的，可直接至公安部非法集资案件投资人信息登记平台网址："
"102003","2018年7月13日，上海市公安局黄浦分局根据群众报案，对上海安民互联网金融信息服务有限公司华泰金融涉嫌非法吸收公众存款立案侦査"
"102821","附上海市公安局各分局通报情况：1浦东12起近期，上海市公安局浦东分局对11起涉嫌非法吸收公众存款1起涉赚集资诈骗罪的案件立案侦查，案件情况通报如下：2018年6月27日，上海盐商集团有限公司实际控人吴某至公安机关投案，称公司通过设立线下门店及线上壹理财旺财猫等理财平台，在全国范围内向社会不特定公众非法吸收公众存款，已产生巨大资金缺口导致无法兑付投资人本息，上海市公安局浦东分局迅速立案侦查"
"105680","这些血汗钱可能是买房钱结婚钱看病救命钱上学钱养老钱等，现在这些钱迟迟不能归还，使众多受害家庭生活举步维艰※智冠被立案调查，出借人要明白首先我们是被智冠集团36折购车模式诱导当地政府认可并站台宣传办理了智冠相关业务这是基础试问在没有政府授予的荣誉光环并站台的背景下会有这么多无辜老百姓去办理智冠的业务我们属于被智冠诈骗，政府监管不力也有不可推卸的责任所以我们不该更不允许被定义为非法集资为什么在强调我们是出借人，不是什么投资人更不是非法集资这是笔者收集到的上海炳恒非吸案最新的维权录音那流露出的彻骨寒意智冠难友们请定要细听点击播放那什么是非法集资1非法吸收公众存款集资诈骗非法集资有何区别百度：非法集资是指法人其他组织或者个人，违反国家金融管理法律规定，向社会公众吸收资金的行为"
"101892","问题二：中鸿基及其关联企业在理财范总计非法自担自融多少资金以不同的商贸公司作为借款主体，以中鸿基融资担保有限公司作为担保的融资项目，百分之八十以上都是为中鸿基及其关联公司非法自担自融，这部分资金至少五亿以上感兴趣的投资者可以统计下平台尚未偿还的中鸿基担保融资项目金额问题三：中鸿基公司为什么需要那么多的资金查看中鸿基集团网站：中鸿基在全国各地设立项目公司，大量资金投到外地却不见有优质项目赚钱，所以只能在理财范平台上不断借新还旧，才能维系不暴雷不崩盘"
"101995","从多融财富跑路后，我再次审视银行存管这板块，如果说银行存管真的按其要求来操作，我们出借人的钱也是比较安全的，事实证明不是我看到或者想到那么简单，我看到的银行存管只是忽悠我的，我们出借人的钱有没做资金隔离，专属账户，这些有没有流向资金池种种疑问，置在受害者心头，可是华瑞银行存管在多融财富跑路后，能够好好存管我们的钱么个阴谋总是用了很多骗局来迷惑，我们的钱最终流向何处"
"103791","经查，以黄某为首的该团伙成立广东云联惠网络科技有限公司，并依托该公司云联商城，以消费全返等为幌子，采取拉人头交纳会费积分返利等方式引诱人员加入，骗取财物，严重扰乱经济社会秩序，涉嫌组织领导传销活动犯罪"
"104931","西安市人民检察院指控：自2011年1月至2012年7月24日以来，被告人李某乡李某冯某强杨某红等人分别以西安久安创投公司及久安公司第分公司陕西长治能源公司陕西协和学院久安老年公寓的名义面向社会不特定群众非法集资"
"104480","打着网贷的幌子骗钱对外包装成P2P网贷平台,骗来的钱自融自用大肆挥霍,拆东墙补西墙导致资金链断裂,最后跑路2018年6月,位于佛山市禅城区的安稳投资管理咨询有限公司突然人去楼空,该公司的理财咖平台无法提现"
"105310","据了解，中信信托中融信托金谷信托湖南信托华信信托华能信托江西信托新时代信托中航信托等信托公司均曾发行过资金池项目"
"105710","良性清盘变非吸金银猫法定代表人向公安自首警方已立案侦查曾在同天发布清盘公告摘要：7月26日，上海市公安局浦东分局官方微信号警民直通车浦东发布通报称，上海金银猫金融服务有限公司简称金银猫法人郑某已于7月18日向上海警方自首，称公司在全国范围内向近日，上海警方发布通报，称2018年7月18日上海金银猫金融服务有限公司旗下运营金银猫平台法定代表人郑某向公安机关自首，称公司在全国范围内向社会不特定公众非法吸收公众存款，已产生巨大资金缺口致使无法兑付投资人本息"
"105011","据统计，卢家帮通过这种手法入手了20多家网贷平台，目前警方明确定性的有人人爱家投之家天天财富壹佰金融中科金服聚胜财富翡翠岛理财火钱理财坚果理财邦邦理财等十多家，均因涉嫌非法吸收公众存款或集资诈骗立案，涉案金额超过600亿"
"102187","分析为何此前难被认定传销在中国裁判文书网检索可以发现，多起传销案都存在权健这个关键词，但最终被处罚的，多是经销商技师以及销售团队，权健公司往往能置身事外"
"105018","据统计，卢家帮通过这种手法入手了20多家网贷平台，目前警方明确定性的有人人爱家投之家天天财富壹佰金融中科金服聚胜财富翡翠岛理财火钱理财坚果理财邦邦理财等十多家，均因涉嫌非法吸收公众存款或集资诈骗立案，涉案金额超过600亿"
"105823","原标题：涉嫌非法吸储诈骗十多亿元深圳三被告单位与被告人被控三宗罪昨受审2016年12月29日消息，深圳市金某联融资担保有限公司深圳市金某顺集团有限公司和深圳市光某产业控股集团有限公司三家公司被共同起诉非法吸收公众存款合同诈骗集资诈骗罪十亿多元，而深圳市金某联融资担保有限公司法定代表人刘某卫则被指控为三家公司的实际控制人，同时被控上述三宗罪"
"104941","经审理查明：深圳市善心汇文化传播有限公司以下简称善心汇公司，于2013年5月24日成立，以扶贫济困均富共生的名义，依托善心汇网站善心汇众扶互生大系统会员管理平台，以高额静态收益和动态收益为诱饵，不断发展会员，以拉人进善心汇微信群，通过建立名为善心汇家人群的微信群，达到迅速扩大宣传善心汇及发展下线人员的目的，同时还采用口头相传等方式发展会员，并且从善心汇公司按7折买进善心币善种子，原价卖给下线会员，进行组织领导传销活动"
"105367","而邻家的最大投资方为某P2P公司，4月24日，上海市公安局官方微博发布消息，涉嫌非法吸收公众存款的善林金融法定代表人周伯云等8人被批捕"
"103172","值得注意的是，该平台提示显示，投资人如在联璧金融资邦唐小僧国金宝盐商壹理财旺财猫金银猫火理财永利宝夸客米袋新大仓鸿翔银票网金坳财富翡翠岛小诸葛金服华融道抢钱通掌悦理财普资金服聚财猫等18个理财平台投资的，可直接至公安部非法集资案件投资人信息登记平台网址："
"102872","经查，犯罪嫌疑人凌某指使大志集团线上财务部负责人徐某雪线下财务部负责人张某等人，将安捷财富智佳金服平台资金平台资金经层层转账等方式，进入犯罪嫌疑人凌某实际控制的12个资金池账户，由其自由支配使用"
"102813","山东省聊城市中级人民法院对审判决定的事实证据予以确认，认为上诉单位山东源大工贸有限公司山东赛雅服饰有限公司伙同原审被告人樊正安，违反国家金融管理法律规定，未经有关部门依法批准，向社会不特对象吸收资金，其行为均构成非法吸收公众存款罪，且数额巨大"
"103702","至此，又保健传销巨头被敲响丧钟投诉居投诉榜首位，超权健倍根据工商资料显示，河北华林成立于2002年，注册资本8500万元"
"102871","经查，犯罪嫌疑人凌某指使大志集团线上财务部负责人徐某雪线下财务部负责人张某等人，将安捷财富智佳金服平台资金平台资金经层层转账等方式，进入犯罪嫌疑人凌某实际控制的12个资金池账户，由其自由支配使用"
"104657","两年非法吸收公众存款2500余万法院经审理查明：被告单位源大公司赛雅公司，被告人于西明于家乐苏银霞张振永程笑樊正安于2014年9月至2016年6月期间，通过源大公司在济南收购的山东正典投资有限责任公司以下简称正典公司非法吸收公众存款人民币250885万元"
"101921","殷晓斌与刘建华会员报单文件文深观评论日前，深观评论接到举报材料发表了云惠富通车房俱乐部涉嫌非法集资近10亿创始人殷晓斌为云联惠总部董事文，揭露了云惠富通车房俱乐部运营方为湖南云惠富通网络科技有限公司依靠庞氏骗局模式维系其5倍投资回报率的项目，涉嫌非法集资近10亿"
"101827","山东惠民宜联投资咨询有限公司涉嫌集资诈骗案滨州诚盈泓品电子商务有限公司涉嫌非法吸收公众存款犯罪公告今年以来，随着唐小僧联璧金融等大型网贷平台相继爆雷，全国多家网贷平台也爆发跑路无法提现项目还款逾期等问题，我局陆续收到外省市网络借贷平台案件协查通知"
"211531","百度减持部分爱奇艺股权套现259亿美元焦作万方计提辞退福利未披露收到深交所监管函"
"103789","经查，以黄某为首的该团伙成立广东云联惠网络科技有限公司，并依托该公司云联商城，以消费全返等为幌子，采取拉人头交纳会费积分返利等方式引诱人员加入，骗取财物，严重扰乱经济社会秩序，涉嫌组织领导传销活动犯罪"
"102987","曝光时富集团旗C理财平台涉嫌传销式集资诈骗时富集团旗下C理财平台于2018年月份由线下正式线上盛大起航静态收益日收益表200元201天日收益4元本金200元总计本息204元1000元1123天收益336元本金1000元总计本息10336元5000元1188天收益472元本金5000元总计本息5472元50000元16915天收益12675元本金50000元总计本息62675元100000元18915天收益28350元本金100000元总计本息128350元投资可分为短期，周期，定存期，都由您自行选择，每天收益系统自动返还至您的账户里面，随时可以提现，到期还本，系统自动到账"
"105883","原告杜某某与被告永安财产保险股份有限公司重庆市南岸支公司中国平安财产保险股份有限公司泉州中心支公司古小川重庆荣耀物流有限公司机动车交通事故责任纠纷案，本院于2018年7月5日立案后，依法适用简易程序，公开开庭进行了审理"
"102716","除本次押解回国的之外，还包括：涉嫌非法吸收公众存款的永利宝案犯罪嫌疑人吴某等，涉嫌集资诈骗的礼德财富案犯罪嫌疑人郑某森等，涉嫌非法吸收公众存款的联璧金融案犯罪嫌疑人侬某，涉嫌非法吸收公众存款的钱妈妈理财PP案犯罪嫌疑人刘某翰，涉嫌非法吸收公众存款的掌悦平台案犯罪嫌疑人王某等"
"105209","据统计，卢家帮通过这种手法入手了20多家网贷平台，目前警方明确定性的有人人爱家投之家天天财富壹佰金融中科金服聚胜财富翡翠岛理财火钱理财坚果理财邦邦理财等十多家，均因涉嫌非法吸收公众存款或集资诈骗立案，涉案金额超过600亿"
"210856","药用大麻新股Phytotech总裁离职据称言论失当上海金融理财再爆雷区亨荣投资董事长失联资金缺口15亿"
"105497","王晓君所言不虚，年初中商财富就曾被爆出陷入10亿元担保黑洞，而在此之前，2013年的5月因对高息理财的狂热追逐，引发的河南洛阳大华投资担保公司下称大华和国担投资公司下称国担非法集资案件，涉案金额巨大涉及人数众多，已严重影响了正常的经济秩序和社会稳定和谐，上述两案中共同点就是担保公司为投资理财公司的子公司或者关联公司，且众多担保人跑路"
"105709","良性清盘变非吸金银猫法定代表人向公安自首警方已立案侦查曾在同天发布清盘公告摘要：7月26日，上海市公安局浦东分局官方微信号警民直通车浦东发布通报称，上海金银猫金融服务有限公司简称金银猫法人郑某已于7月18日向上海警方自首，称公司在全国范围内向近日，上海警方发布通报，称2018年7月18日上海金银猫金融服务有限公司旗下运营金银猫平台法定代表人郑某向公安机关自首，称公司在全国范围内向社会不特定公众非法吸收公众存款，已产生巨大资金缺口致使无法兑付投资人本息"
"102397","南山警方于2017年8月14日对深圳普银区块链集团有限公司普银趣钱平台涉嫌集资诈骗案立案观察"
"106093","四涉案肇事车辆投保情况：交强险：粤HH小轿车在被告中国大地财产保险股份有限公司肇庆中心支公司投保交强险，保险期限从2013年3月16日至2014年3月15日商业险：粤HH小轿车在被告中国大地财产保险股份有限公司肇庆中心支公司投保商业第三者责任险，保险期限从2013年3月16日至2014年3月15日，保险责任限额20万元，含不计免赔"
"103424","因公司资金短缺，曾雯于2010年10月开始向社会公开集资，并用非法集资的资金投资了邵阳汽三分厂羊泰御园羊泰华府等项目，但牧羊人集团公司投资的这些项目直处于亏损状态"
"104957","原标题：昆明泛亚集资案查明19名主要嫌疑人被捕组图最新进展单九良等19名主要嫌疑人被捕昆明市政府22日发布，昆明市公安机关自依法对昆明泛亚有色金属交易所股份有限公司简称昆明泛亚有色及其交易关联公司授权服务机构涉嫌犯罪立案侦查以来，经大量调查取证，基本查明涉嫌非法集资的犯罪事实"
"106115","原告佛山市顺德区盈溢纸业有限公司诉被告佛山市顺德区丰美彩印包装有限公司买卖合同纠纷案，本院于2017年12月13日立案受理后，依法适用简易程序公开开庭进行了审理"
"106060","上诉人中信建设公司委托诉讼代理人刘文惠，被上诉人中铁局公司委托诉讼代理人李林，原审被告丝路酒店公司委托诉讼代理人陈兵到庭参加诉讼"
"104127","卢家帮用此种手法染指了20多家网贷平台，目前警方明确定性的有人人爱家投之家天天财富壹佰金融中科金服聚胜财富翡翠岛理财火钱理财坚果理财邦邦理财等十多家，均因涉嫌非法吸收公众存款或集资诈骗立案，涉案金额超过600亿元"
"103428","两年非法吸收公众存款2500余万法院经审理查明：被告单位源大公司赛雅公司，被告人于西明于家乐苏银霞张振永程笑樊正安于2014年9月至2016年6月期间，通过源大公司在济南收购的山东正典投资有限责任公司以下简称正典公司非法吸收公众存款人民币250885万元"
"104584","据统计，卢家帮通过这种手法入手了20多家网贷平台，目前警方明确定性的有人人爱家投之家天天财富壹佰金融中科金服聚胜财富翡翠岛理财火钱理财坚果理财邦邦理财等十多家，均因涉嫌非法吸收公众存款或集资诈骗立案，涉案金额超过600亿"
"205471","仁和服务财务总监辞职赵琪接任原博时基金经理马乐涉老鼠仓被批捕"
"105682","钱庄网五人被采取刑事强制措施2018年10月16日，杭州市公安局西湖分局对杭州乾庄互联网金融服务有限公司平台名：钱庄网涉嫌非法吸收公众存款案立案侦查"
"104590","据统计，卢家帮通过这种手法入手了20多家网贷平台，目前警方明确定性的有人人爱家投之家天天财富壹佰金融中科金服聚胜财富翡翠岛理财火钱理财坚果理财邦邦理财等十多家，均因涉嫌非法吸收公众存款或集资诈骗立案，涉案金额超过600亿"
"102044","原标题：屡屡脱身的权健，这次还能走多远12月27日，有记者探访天津权健集团，发现六楼放置有因传销获刑的高管孟令国的海报，孟令国2012年因为领导传销罪被判刑三年，缓刑五年"
"105822","原标题：涉嫌非法吸储诈骗十多亿元深圳三被告单位与被告人被控三宗罪昨受审2016年12月29日消息，深圳市金某联融资担保有限公司深圳市金某顺集团有限公司和深圳市光某产业控股集团有限公司三家公司被共同起诉非法吸收公众存款合同诈骗集资诈骗罪十亿多元，而深圳市金某联融资担保有限公司法定代表人刘某卫则被指控为三家公司的实际控制人，同时被控上述三宗罪"
"104216","自建资金池有网贷公司人均吸亿元2018年6月，位于佛山市禅城区的安稳投资管理咨询有限公司突然人去楼空，公司理财咖平台无法提现"
"205846","索罗斯基金在香港领150万罚单大跌前抛售FB加仓苹果瑞银集团最新欧元英镑日元短线交易策略"
"105282","沙洋县2014年曾经出现沙洋中金行集资诈骗大案，沙洋县政府从2015年就开始全方位大力清查非法集资等相关现象，沙洋县利巢投资管理有限公司就在这种背景下运营了4年吸光了老百姓的血汗钱举报请求中央严肃对中国银行保险监督管理委员湖北省银监局相应政府金融办追责请求在全国网站等层面将利巢互联网金融平台曝光及备案按照中央的规定追回受害者血汗钱"
"105313","据了解，中信信托中融信托金谷信托湖南信托华信信托华能信托江西信托新时代信托中航信托等信托公司均曾发行过资金池项目"
"212152","京东被指资金危机甩卖积压大家电回笼资金并购标的股东投出反对票韦尔股份重大资产重组搁浅"
"205423","必和必拓计划出售前比利登资产雅虎CEO梅耶尔谈出售雅虎核心资产为股东释放价值"
"103384","p!{img4p文章中指出的主要问题pp是天价鞋垫负离子卫生巾，鞋垫售价千元，可治疗O型腿睡眠不好心脏病等，卫生巾还能治疗前列腺疾病等pp二是传销手段洗脑，在权健传销大会上，经销商们噙着眼泪，分享权健产品保健治病的传奇，而观众则充满狂热pp三是7000多家火疗养生馆，统计数据显示，近年来各地约20起烧伤严重的权健火疗事故"
"103318","侦多管齐下追赃挽损投之家事件发生后，深圳市公安局南山分迅速反应，在2018年7月14日通过微信发布公告称，对深圳投之家金融信息服务有限公司投之家涉嫌集资诈骗案立案侦查"
"105968","公开信息显示，就在中弘股份进入退市通道时，五洲国际粤泰股份银亿股份均出现债务违约"
"105741","2014年，时代周报报道称，投资者在签订协议后，是将个人资金转让到该平台最大出借人董事长刘广东的账户上，质疑冠群涉嫌资金池"
"102183","南昌进贤县法院公开宣判蒲某某等15人恶势力犯罪集团案件2015年5月至2017年12月期间，被告人蒲某某赵某某以天津天狮生物发展有限公司网络营销团队为名从事非法传销活动，发展下线购买其传销组织的虚拟化妆品"
"210329","Steam公布奖励计划发现平台漏洞可换取奖金当当网被曝出售假表电商进货渠道漏洞频发宁波中百称徐翔父亲失联"
"102551","2018年7月17日，上海市公安局浦东分局根据群众报案，对上海永利宝网络信息科技有限公司永利宝平台上海瀟谦互联网金融信息服务有限公司火理财＂平台以涉嫌非法吸收公众存款罪立案侦查"
"105263","您有喜欢或者建讨的话，也迎跟群主联系哦，感谢支持和参与!来自香港的黄先生先后于万雅高和希尔顿等多个高集团酒店担任涉嫌非法吸收公众存款绿能宝被法院提起公诉摩根士丹利：英镑已被低估投资者可以考虑逢低买入约在5"
